address,reward_amount
0xBcbA644E59569ACaa03Ad889f3712633c8E5Fd23,2324.481659656711
0xc7d758c9c1dad3e218D81FFdea0139Adc8F82572,2307.3800747530317
0x968d4670c346275edd5CC1A7535D14b631FFc49C,368.1382655902582